order_id,customer_id,event_onsale_date,order_date,ticket_type,ticket_level,payment_type,customer_age_band,ticket_qty,ticket_value,customer_previous_purchase_flag,customer_previous_purchase_festival_flag,customer_previous_purchase_music_flag,customer_previous_purchase_theatre_flag,customer_previous_purchase_sport_flag,seq
1,1001,1997-01-01,1997-01-01,Camping,P2,Installment,15-20,1,78.75,1,1,1,0,0,1
2,1002,1997-01-01,1997-01-01,Camping,P2,Full,40-50,1,78.75,1,1,1,0,0,1
3,1003,1997-01-01,1997-01-01,Camping,P2,Full,15-20,2,157.5,1,1,0,0,0,1
4,1004,1997-01-01,1997-01-01,Camping,P2,Full,20-30,2,157.5,1,1,0,0,0,1
5,1005,1997-01-01,1997-01-01,Camping,P2,Installment,20-30,1,78.75,1,1,0,0,0,1
6,1006,1997-01-01,1997-01-01,Camping,P2,Full,20-30,4,315.0,0,0,0,0,0,1
7,1007,1997-01-01,1997-01-01,Camping,P2,Installment,20-30,2,157.5,1,1,0,0,0,1
8,1008,1997-01-01,1997-01-01,Camping,P2,Full,40-50,1,78.75,1,1,1,0,0,1
9,1009,1997-01-01,1997-01-01,Camping,P2,Full,40-50,2,157.5,1,1,0,0,0,1
10,1010,1997-01-01,1997-01-01,Camping,P2,Full,15-20,1,78.75,1,0,1,0,0,1
11,1011,1997-01-01,1997-01-01,Camping,P2,Full,20-30,1,78.75,0,0,0,0,0,1
12,1012,1997-01-01,1997-01-01,Camping,P2,Full,30-40,2,157.5,1,1,1,0,0,1
13,1013,1997-01-01,1997-01-01,Camping,P2,Full,20-30,1,78.75,1,1,0,0,0,1
14,1014,1997-01-01,1997-01-01,Camping,P2,Installment,20-30,1,78.75,1,1,1,0,0,1
15,1015,1997-01-01,1997-01-01,Camping,P2,Full,15-20,1,78.75,1,1,0,0,0,1
16,1016,1997-01-01,1997-01-01,Camping,P2,Full,40-50,1,78.75,1,1,1,1,0,1
17,1017,1997-01-01,1997-01-01,Camping,P2,Full,unknown,7,551.25,1,1,0,0,0,1
18,1018,1997-01-01,1997-01-01,Camping,P2,Full,30-40,2,157.5,1,1,0,0,0,1
19,1019,1997-01-01,1997-01-01,Camping,P2,Full,20-30,1,78.75,1,1,1,0,0,1
20,1020,1997-01-01,1997-01-01,Camping,P2,Full,unknown,6,472.5,1,1,0,0,0,1
21,1021,1997-01-01,1997-01-01,Camping,P2,Full,unknown,2,157.5,1,0,0,0,1,1
22,1022,1997-01-01,1997-01-01,Camping,P2,Installment,15-20,2,157.5,1,1,1,0,0,1
23,1023,1997-01-01,1997-01-01,Camping,P2,Full,20-30,1,78.75,1,1,1,0,0,1
24,1024,1997-01-01,1997-01-01,Camping,P2,Full,30-40,2,157.5,1,1,1,0,1,1
25,1025,1997-01-01,1997-01-01,Camping,P2,Full,unknown,1,78.75,1,1,1,0,0,1
26,1026,1997-01-01,1997-01-01,Camping,P2,Full,20-30,1,78.75,1,1,0,0,0,1
27,1027,1997-01-01,1997-01-01,Camping,P2,Full,15-20,6,472.5,1,1,0,0,0,1
28,1028,1997-01-01,1997-01-01,Camping,P2,Installment,20-30,4,315.0,1,1,1,0,0,1
29,1029,1997-01-01,1997-01-01,Camping,P2,Full,40-50,1,78.75,0,0,0,0,0,1
30,1030,1997-01-01,1997-01-01,Camping,P2,Full,60-70,1,78.75,1,1,1,0,0,1
31,1031,1997-01-01,1997-01-01,Camping,P2,Full,40-50,2,157.5,1,1,0,0,0,1
32,1032,1997-01-01,1997-01-01,Camping,P2,Installment,15-20,1,78.75,1,1,0,0,0,1
33,1033,1997-01-01,1997-01-01,Camping,P2,Full,15-20,2,157.5,1,1,1,0,0,1
34,1034,1997-01-01,1997-01-01,Camping,P2,Full,40-50,2,157.5,1,1,0,0,0,1
35,1035,1997-01-01,1997-01-01,Camping,P2,Full,20-30,1,78.75,0,0,0,0,0,1
36,1036,1997-01-01,1997-01-01,Camping,P2,Installment,15-20,5,393.75,1,1,1,0,0,1
37,1037,1997-01-01,1997-01-01,Camping,P2,Full,60-70,1,78.75,1,1,0,0,0,1
38,1038,1997-01-01,1997-01-01,Camping,P2,Installment,15-20,2,157.5,1,1,1,0,0,1
39,1039,1997-01-01,1997-01-01,Camping,P2,Full,30-40,1,78.75,1,0,1,0,0,1
40,1040,1997-01-01,1997-01-01,Camping,P2,Installment,15-20,1,78.75,1,1,1,0,0,1
41,1041,1997-01-01,1997-01-01,Camping,P2,Full,40-50,7,551.25,1,0,0,0,1,1
42,1042,1997-01-01,1997-01-01,Camping,P2,Full,30-40,2,157.5,1,1,1,0,0,1
43,1043,1997-01-01,1997-01-01,Camping,P2,Full,30-40,1,78.75,1,1,1,0,0,1
44,1044,1997-01-01,1997-01-01,Camping,P2,Full,30-40,7,551.25,1,1,0,0,0,1
45,1045,1997-01-01,1997-01-01,Camping,P2,Full,40-50,2,157.5,1,1,1,0,0,1
46,1046,1997-01-01,1997-01-01,Camping,P2,Installment,40-50,2,157.5,1,1,1,0,0,1
47,1047,1997-01-01,1997-01-01,Camping,P2,Full,15-20,4,315.0,1,0,1,0,1,1
48,1048,1997-01-01,1997-01-01,Camping,P1,Full,15-20,4,420.0,1,1,0,0,0,1
49,1049,1997-01-01,1997-01-01,Camping,P1,Full,40-50,1,105.0,1,1,0,0,0,1
50,1050,1997-01-01,1997-01-01,Camping,P1,Installment,15-20,3,315.0,1,1,0,0,0,1
51,1051,1997-01-01,1997-01-01,Camping,P1,Full,15-20,2,210.0,1,1,1,0,0,1
52,1052,1997-01-01,1997-01-01,Camping,P1,Full,15-20,1,105.0,1,1,1,0,0,1
53,1053,1997-01-01,1997-01-01,Camping,P1,Full,20-30,1,105.0,1,1,0,0,0,1
54,1054,1997-01-01,1997-01-01,Camping,P1,Installment,15-20,2,210.0,1,1,0,0,0,1
55,1055,1997-01-01,1997-01-01,Camping,P1,Installment,15-20,2,210.0,1,1,0,0,0,1
56,1056,1997-01-01,1997-01-01,Camping,P1,Full,30-40,2,210.0,0,0,0,0,0,1
57,1057,1997-01-01,1997-01-01,Camping,P1,Full,20-30,2,210.0,1,1,0,0,0,1
58,1058,1997-01-01,1997-01-01,Camping,P1,Full,40-50,1,105.0,1,1,0,0,0,1
59,1059,1997-01-01,1997-01-01,Camping,P1,Full,30-40,1,105.0,1,1,0,0,0,1
60,1060,1997-01-01,1997-01-01,Camping,P1,Full,unknown,1,105.0,1,1,0,0,0,1
61,1061,1997-01-01,1997-01-01,Camping,P1,Full,20-30,5,525.0,1,1,1,0,0,1
62,1062,1997-01-01,1997-01-01,Camping,P1,Installment,15-20,1,105.0,1,1,0,0,0,1
63,1063,1997-01-01,1997-01-01,Camping,P1,Installment,15-20,1,105.0,1,1,0,0,0,1
64,1064,1997-01-01,1997-01-01,Camping,P1,Full,20-30,2,210.0,1,1,0,0,0,1
65,1065,1997-01-01,1997-01-01,Camping,P1,Full,20-30,1,105.0,1,1,1,0,0,1
66,1066,1997-01-01,1997-01-01,Camping,P1,Full,unknown,2,210.0,1,1,0,0,0,1
67,1067,1997-01-01,1997-01-01,Camping,P1,Installment,15-20,2,210.0,1,1,0,0,0,1
68,1068,1997-01-01,1997-01-01,Camping,P1,Full,15-20,1,105.0,0,0,0,0,0,1
69,1069,1997-01-01,1997-01-01,Camping,P1,Full,40-50,2,210.0,1,1,0,0,0,1
70,1070,1997-01-01,1997-01-01,Camping,P1,Full,40-50,3,315.0,1,1,1,0,0,1
71,1071,1997-01-01,1997-01-01,Camping,VIP,Full,20-30,2,350.0,1,1,0,0,0,1
72,1072,1997-01-01,1997-01-01,Camping,VIP,Full,40-50,1,175.0,1,1,0,0,0,1
73,1073,1997-01-01,1997-01-01,Camping,VIP,Full,15-20,4,700.0,1,1,0,0,0,1
74,1074,1997-01-01,1997-01-01,Camping,VIP,Installment,15-20,2,350.0,1,1,1,0,0,1
75,1075,1997-01-01,1997-01-01,Camping,VIP,Full,20-30,2,350.0,1,1,1,0,0,1
76,1076,1997-01-01,1997-01-01,Camping,VIP,Full,15-20,2,350.0,1,1,1,0,0,1
77,1077,1997-01-01,1997-01-01,Camping,VIP,Full,15-20,5,875.0,1,1,0,0,0,1
78,1078,1997-01-01,1997-01-01,Day,P1,Full,15-20,2,120.0,0,0,0,0,0,1
79,1079,1997-01-01,1997-01-01,Day,P1,Full,20-30,2,120.0,1,1,1,0,0,1
80,1080,1997-01-01,1997-01-01,Day,P1,Full,unknown,2,120.0,1,1,0,0,0,1
81,1081,1997-01-01,1997-01-01,Day,P1,Installment,15-20,2,120.0,0,0,0,0,0,1
82,1082,1997-01-01,1997-01-01,Day,P1,Installment,20-30,3,180.0,1,1,0,0,0,1
83,1083,1997-01-01,1997-01-01,Day,P1,Full,40-50,2,120.0,1,0,1,0,0,1
84,1084,1997-01-01,1997-01-01,Day,P1,Full,unknown,1,60.0,1,1,0,0,0,1
85,1085,1997-01-01,1997-01-01,Day,P1,Full,unknown,1,60.0,1,1,1,0,0,1
86,1086,1997-01-01,1997-01-01,Day,P1,Full,30-40,2,120.0,1,1,0,0,0,1
87,1087,1997-01-01,1997-01-01,Day,P1,Installment,15-20,1,60.0,1,1,0,0,0,1
88,1088,1997-01-01,1997-01-01,Day,VIP,Full,20-30,1,100.0,1,1,0,0,0,1
89,1089,1997-01-01,1997-01-01,Day,VIP,Full,40-50,2,200.0,0,0,0,0,0,1
90,1090,1997-01-01,1997-01-02,Camping,P2,Full,30-40,1,78.75,1,1,1,0,0,1
91,1091,1997-01-01,1997-01-02,Camping,P2,Full,30-40,1,78.75,1,1,0,0,0,1
92,1092,1997-01-01,1997-01-02,Camping,P2,Full,40-50,2,157.5,1,1,0,0,0,1
93,1093,1997-01-01,1997-01-02,Camping,P2,Full,30-40,7,551.25,0,0,0,0,0,1
94,1094,1997-01-01,1997-01-02,Camping,P2,Full,30-40,1,78.75,1,1,1,0,0,1
95,1095,1997-01-01,1997-01-02,Camping,P2,Full,40-50,1,78.75,1,0,1,0,1,1
96,1096,1997-01-01,1997-01-03,Camping,P2,Installment,20-30,1,78.75,1,0,1,0,0,1
97,1097,1997-01-01,1997-01-03,Camping,P2,Full,40-50,7,551.25,1,1,0,0,0,1
98,1098,1997-01-01,1997-01-03,Camping,P1,Full,30-40,1,105.0,1,1,0,0,0,1
99,1099,1997-01-01,1997-01-04,Camping,P1,Full,15-20,2,210.0,1,1,0,0,0,1
100,1100,1997-01-01,1997-01-04,Camping,P1,Full,30-40,3,315.0,1,1,0,0,0,1
101,1101,1997-01-01,1997-01-04,Camping,P1,Installment,40-50,2,210.0,1,1,1,0,1,1
102,1102,1997-01-01,1997-01-05,Camping,P1,Full,40-50,1,105.0,1,1,0,0,0,1
103,1103,1997-01-01,1997-01-05,Day,P1,Installment,40-50,1,60.0,1,1,0,0,0,1
104,1104,1997-01-01,1997-01-06,Day,P1,Full,unknown,1,60.0,1,1,0,0,0,1
105,1105,1997-01-01,1997-01-06,Day,P1,Full,20-30,2,120.0,1,1,1,0,0,1
106,1106,1997-01-01,1997-01-21,Day,P1,Full,20-30,2,120.0,1,1,1,0,0,1
107,1107,1997-01-01,1997-02-04,Camping,P1,Installment,15-20,7,735.0,1,1,0,0,0,1
108,1108,1997-01-01,1997-03-07,Camping,P1,Full,40-50,1,105.0,1,1,0,0,0,1
109,1109,1997-01-01,1997-03-18,Camping,P1,Full,15-20,10,1050.0,1,1,1,0,0,1
110,1110,1997-01-01,1997-03-23,Camping,P1,Full,15-20,1,105.0,1,1,1,0,0,1
111,1111,1997-01-01,1997-03-23,Camping,P1,Full,30-40,1,105.0,1,1,1,0,0,1
112,1112,1997-01-01,1997-05-11,Camping,P1,Full,15-20,7,735.0,1,1,1,0,0,1
113,1113,1997-01-01,1997-05-16,Camping,P1,Full,30-40,1,105.0,1,1,1,0,0,1
114,1114,1997-01-01,1997-05-31,Camping,P1,Installment,15-20,1,105.0,1,1,1,0,0,1
115,1115,1997-01-01,1997-06-06,Day,P1,Installment,40-50,1,60.0,1,1,0,0,0,1
116,1116,1997-01-01,1997-06-13,Day,P1,Full,40-50,1,60.0,1,1,1,0,0,1
117,1117,1997-01-01,1997-06-15,Day,P1,Installment,15-20,1,60.0,1,1,0,0,0,1
118,1118,1997-01-01,1997-06-23,Camping,P1,Full,40-50,2,210.0,1,0,1,0,0,1
119,1119,1997-01-01,1997-06-25,Camping,VIP,Installment,15-20,1,175.0,1,1,0,0,0,1
120,1120,1997-01-01,1997-06-28,Day,P1,Installment,15-20,1,60.0,1,1,1,0,0,1
121,1121,1997-01-01,1997-07-03,Day,P1,Full,60-70,2,120.0,0,0,0,0,0,1
122,1122,1997-01-01,1997-07-03,Day,P1,Installment,15-20,2,120.0,1,1,1,0,0,1
123,1123,1997-01-01,1997-07-05,Day,VIP,Full,15-20,2,200.0,1,1,0,0,0,1
124,1124,1997-01-01,1997-07-06,Day,VIP,Full,40-50,1,100.0,1,1,1,0,1,1
125,1125,1997-01-01,1997-07-06,Day,P1,Full,15-20,5,300.0,1,1,0,0,0,1
126,1126,1997-01-01,1997-07-10,Day,P1,Installment,15-20,2,120.0,1,1,1,0,0,1
127,1127,1997-01-01,1997-07-13,Day,P1,Full,40-50,4,240.0,1,1,1,0,0,1
128,1128,1997-01-01,1997-07-15,Camping,P1,Full,30-40,2,210.0,1,1,0,0,0,1
129,1129,1997-01-01,1997-07-15,Camping,P1,Full,40-50,1,105.0,1,1,1,0,0,1
130,1130,1997-01-01,1997-07-16,Camping,P1,Full,15-20,1,105.0,1,1,0,0,0,1
131,1131,1997-01-01,1997-07-21,Day,P1,Full,15-20,1,60.0,1,1,0,0,0,1
132,1132,1997-01-01,1997-07-21,Day,P1,Full,15-20,1,60.0,0,0,0,0,0,1
133,1133,1997-01-01,1997-07-22,Day,P1,Full,40-50,1,60.0,1,1,0,0,0,1
134,1134,1997-01-01,1997-07-23,Day,P1,Installment,15-20,1,60.0,1,1,1,0,0,1
135,1135,1997-01-01,1997-07-24,Day,P1,Installment,15-20,2,120.0,1,1,0,0,0,1
136,1136,1997-01-01,1997-07-24,Day,P1,Full,60-70,2,120.0,1,1,1,0,0,1
137,1137,1997-01-01,1997-07-25,Day,P1,Full,15-20,4,240.0,1,1,0,0,0,1
138,1138,1997-01-01,1997-07-27,Day,P1,Full,30-40,2,120.0,1,1,1,0,0,1
139,1139,1997-01-01,1997-07-27,Day,P1,Full,15-20,2,120.0,1,0,1,0,0,1
140,1140,1997-01-01,1997-07-27,Day,P1,Full,40-50,3,180.0,1,1,1,0,0,1
141,1141,1997-01-01,1997-07-28,Camping,P1,Full,40-50,2,210.0,1,1,1,0,0,1
142,1142,1997-01-01,1997-07-28,Camping,P1,Full,50-60,1,105.0,1,1,1,0,0,1
143,1143,1997-01-01,1997-07-29,Camping,P1,Installment,15-20,7,735.0,1,1,0,0,0,1
144,1144,1997-01-01,1997-07-29,Camping,VIP,Installment,20-30,2,350.0,1,1,0,0,0,1
145,1145,1997-01-01,1997-07-29,Camping,VIP,Full,40-50,2,350.0,1,1,0,0,0,1
146,1146,1997-01-01,1997-07-30,Camping,VIP,Installment,15-20,1,175.0,1,1,1,1,0,1
147,1147,1997-01-01,1997-08-19,Day,P1,Full,40-50,1,60.0,1,1,1,0,0,1
148,1148,1997-01-01,1997-08-23,Day,P1,Installment,20-30,2,120.0,1,0,0,0,1,1
149,1149,1997-01-01,1997-08-24,Day,P1,Full,15-20,2,120.0,1,1,0,0,0,1
150,1150,1997-01-01,1997-08-24,Day,P1,Full,15-20,1,60.0,1,0,1,0,0,1
151,1151,1997-01-01,1997-08-25,Day,P1,Installment,15-20,1,60.0,1,1,1,0,0,1
152,1152,1997-01-01,1997-08-26,Day,VIP,Full,40-50,1,100.0,1,1,1,0,0,1
153,1153,1997-01-01,1997-08-29,Day,VIP,Full,20-30,1,100.0,1,1,1,0,0,1
154,1154,1997-01-01,1997-09-02,Day,VIP,Full,unknown,1,100.0,1,1,0,0,0,1
155,1155,1997-01-01,1997-09-03,Day,P1,Installment,unknown,2,120.0,0,0,0,0,0,1
156,1156,1997-01-01,1997-09-03,Day,P1,Full,40-50,2,120.0,1,1,1,1,0,1
157,1157,1997-01-01,1997-09-03,Day,P1,Full,40-50,1,60.0,1,1,1,0,0,1
158,1158,1997-01-01,1997-09-04,Day,P1,Full,15-20,2,120.0,1,1,1,0,0,1
159,1159,1997-01-01,1997-09-05,Day,P1,Full,15-20,2,120.0,1,1,1,0,0,1
160,1160,1997-01-01,1997-09-06,Day,P1,Full,15-20,5,300.0,1,1,0,0,0,1
161,1161,1997-01-01,1997-09-06,Day,P1,Installment,15-20,1,60.0,0,0,0,0,0,1
162,1162,1997-01-01,1997-09-06,Day,P1,Full,15-20,2,120.0,1,1,0,0,0,1
163,1163,1997-01-01,1997-09-06,Day,P1,Full,30-40,2,120.0,1,1,0,0,0,1
164,1164,1997-01-01,1997-09-06,Day,P1,Full,40-50,2,120.0,1,1,0,0,0,1
165,1165,1997-01-01,1997-09-07,Day,P1,Full,30-40,1,60.0,1,0,1,0,0,1
166,1166,1997-01-01,1997-09-07,Day,P1,Full,15-20,2,120.0,0,0,0,0,0,1
167,1167,1997-01-01,1997-09-07,Camping,P1,Installment,40-50,4,420.0,1,1,0,0,0,1
168,1168,1997-01-01,1997-09-07,Camping,P1,Full,15-20,1,105.0,1,1,1,0,0,1
169,1169,1997-01-01,1997-09-07,Camping,VIP,Full,30-40,1,175.0,1,0,1,0,0,1
170,1170,1997-01-01,1997-09-07,Camping,VIP,Installment,30-40,4,700.0,1,1,1,0,0,1
171,1171,1997-01-01,1997-09-08,Day,P1,Full,40-50,7,420.0,1,1,1,0,0,1
172,1172,1997-01-01,1997-09-08,Day,P1,Full,40-50,1,60.0,1,1,1,0,0,1
173,1173,1997-01-01,1997-09-08,Day,P1,Full,40-50,2,120.0,1,0,1,0,0,1
174,1174,1997-01-01,1997-09-08,Day,P1,Full,15-20,2,120.0,0,0,0,0,0,1
175,1175,1997-01-01,1997-09-08,Day,P1,Full,60-70,1,60.0,1,0,0,0,1,1
176,1176,1997-01-01,1997-09-08,Day,P1,Full,15-20,2,120.0,0,0,0,0,0,1
177,1177,1997-01-01,1997-09-08,Day,P1,Installment,30-40,7,420.0,1,1,0,0,0,1
178,1178,1997-01-01,1997-09-08,Day,P1,Installment,unknown,1,60.0,1,1,0,0,0,1
179,1179,1997-01-01,1997-09-08,Day,P1,Full,15-20,2,120.0,1,1,1,0,0,1
180,1180,1997-01-01,1997-09-08,Day,P1,Full,40-50,2,120.0,1,1,1,0,0,1
181,1181,1997-01-01,1997-09-08,Day,P1,Full,40-50,2,120.0,1,1,0,0,0,1
182,1182,1997-01-01,1997-09-08,Day,P1,Full,15-20,1,60.0,1,0,1,0,1,1
183,1183,1997-01-01,1997-09-08,Day,P1,Full,15-20,1,60.0,1,1,0,0,0,1
184,1184,1997-01-01,1997-09-08,Day,P1,Installment,30-40,1,60.0,1,1,0,0,0,1
185,1185,1997-01-01,1997-09-08,Day,P1,Full,20-30,3,180.0,0,0,0,0,0,1
186,1186,1997-01-01,1997-09-08,Day,P1,Full,40-50,10,600.0,1,1,1,0,0,1
187,1187,1997-01-01,1997-09-08,Day,P1,Installment,60-70,2,120.0,1,1,0,0,0,1
188,1188,1997-01-01,1997-09-08,Day,P1,Full,15-20,1,60.0,1,0,1,0,0,1
189,1189,1997-01-01,1997-09-08,Day,P1,Full,40-50,1,60.0,1,1,0,0,0,1
190,1190,1997-01-01,1997-09-08,Day,P1,Full,40-50,2,120.0,1,1,1,0,1,1
191,1191,1997-01-01,1997-09-08,Day,VIP,Installment,40-50,2,200.0,1,1,0,0,0,1
192,1192,1997-01-01,1997-09-08,Day,VIP,Installment,30-40,1,100.0,1,1,1,0,0,1
193,1193,1997-01-01,1997-09-08,Day,VIP,Full,15-20,1,100.0,1,1,0,0,0,1
194,1194,1997-01-01,1997-09-08,Day,P1,Full,40-50,2,120.0,1,1,0,0,0,1
195,1195,1997-01-01,1997-09-08,Day,P1,Installment,15-20,1,60.0,1,0,1,0,0,1
196,1196,1997-01-01,1997-09-08,Day,P1,Full,15-20,2,120.0,1,1,1,0,0,1
197,1197,1997-01-01,1997-09-08,Camping,P1,Installment,20-30,1,105.0,0,0,0,0,0,1
198,1198,1997-01-01,1997-09-08,Camping,P1,Full,40-50,6,630.0,1,1,0,0,0,1
199,1199,1997-01-01,1997-09-08,Camping,P1,Full,20-30,5,525.0,0,0,0,0,0,1
200,1200,1997-01-01,1997-09-08,Camping,P1,Installment,30-40,2,210.0,1,1,1,0,0,1
201,1001,1998-01-01,1998-01-01,Camping,P1,Installment,15-20,4,455.0,1,1,1,0,0,1
202,1003,1998-01-01,1998-01-01,Camping,P1,Installment,15-20,2,227.5,1,1,0,0,0,1
203,1010,1998-01-01,1998-01-01,Day,P1,Full,15-20,4,260.0,1,0,1,0,0,1
204,1015,1998-01-01,1998-01-01,Camping,P1,Full,15-20,4,455.0,1,1,0,0,0,1
205,1022,1998-01-01,1998-01-01,Camping,P1,Full,15-20,2,227.5,1,1,1,0,0,1
206,1027,1998-01-01,1998-01-01,Camping,P1,Full,15-20,6,682.5,1,1,0,0,0,1
207,1032,1998-01-01,1998-01-01,Camping,P1,Installment,15-20,5,568.75,1,1,0,0,0,1
208,1033,1998-01-01,1998-01-01,Day,P1,Full,15-20,2,130.0,1,1,1,0,0,1
209,1036,1998-01-01,1998-01-01,Camping,P1,Full,15-20,5,568.75,1,1,1,0,0,1
210,1038,1998-01-01,1998-01-01,Camping,P1,Installment,15-20,2,227.5,1,1,1,0,0,1
211,1040,1998-01-01,1998-01-01,Camping,P1,Installment,15-20,3,341.25,1,1,1,0,0,1
212,1047,1998-01-01,1998-01-01,Camping,P1,Installment,15-20,4,455.0,1,0,1,0,1,1
213,1201,1998-01-01,1998-08-09,Camping,P1,Installment,15-20,1,113.75,1,0,1,0,0,1
214,1202,1998-01-01,1998-09-08,Camping,P1,Full,15-20,1,113.75,1,1,1,1,1,1
215,1203,1998-01-01,1998-01-01,Camping,P1,Installment,15-20,1,113.75,1,1,0,0,0,1
216,1204,1998-01-01,1998-07-10,Day,P1,Full,15-20,1,65.0,1,1,1,0,0,1
217,1205,1998-01-01,1998-07-10,Camping,P2,Full,15-20,2,157.5,1,1,0,0,0,1
218,1206,1998-01-01,1998-09-08,Day,P1,Installment,15-20,1,65.0,1,1,1,0,0,1
219,1207,1998-01-01,1998-08-09,Camping,P2,Full,15-20,1,78.75,1,0,1,0,1,1
220,1208,1998-01-01,1998-09-08,Camping,P2,Full,15-20,1,78.75,1,1,0,0,0,1
221,1209,1998-01-01,1998-09-08,Day,P1,Full,15-20,1,65.0,1,1,1,0,0,1
222,1210,1998-01-01,1998-01-01,Camping,P2,Installment,15-20,2,157.5,1,1,0,0,0,1
223,1211,1998-01-01,1998-07-10,Day,P1,Installment,15-20,2,130.0,1,1,1,0,0,1
224,1212,1998-01-01,1998-06-20,Day,P1,Installment,15-20,1,65.0,1,1,1,0,0,1
225,1213,1998-01-01,1998-01-09,Camping,P2,Full,15-20,1,78.75,1,1,1,0,0,1
226,1214,1998-01-01,1998-08-09,Day,P1,Full,15-20,1,65.0,1,1,0,0,0,1
227,1215,1998-01-01,1998-07-10,Day,P1,Full,15-20,2,130.0,0,0,0,0,0,1
228,1216,1998-01-01,1998-01-01,Camping,P2,Installment,15-20,1,78.75,0,0,0,0,0,1
229,1088,1998-01-01,1998-01-01,Camping,VIP,Full,20-30,3,525.0,1,1,0,0,0,1
230,1057,1998-01-01,1998-01-01,Camping,P1,Full,20-30,2,227.5,1,1,0,0,0,1
231,1075,1998-01-01,1998-01-01,Camping,VIP,Full,20-30,2,350.0,1,1,1,0,0,1
232,1004,1998-01-01,1998-01-01,Camping,P1,Full,20-30,2,227.5,1,1,0,0,0,1
233,1007,1998-01-01,1998-01-01,Camping,P1,Full,20-30,2,227.5,1,1,0,0,0,1
234,1053,1998-01-01,1998-01-01,Camping,P1,Installment,20-30,3,341.25,1,1,0,0,0,1
235,1026,1998-01-01,1998-01-01,Camping,P1,Full,20-30,3,341.25,1,1,0,0,0,1
236,1106,1998-01-01,1998-01-21,Camping,P1,Full,20-30,2,227.5,1,1,1,0,0,1
237,1019,1998-01-01,1998-01-01,Camping,P1,Full,20-30,3,341.25,1,1,1,0,0,1
238,1185,1998-01-01,1998-01-07,Camping,P1,Full,20-30,3,341.25,0,0,0,0,0,1
239,1197,1998-01-01,1998-01-09,Day,P1,Full,20-30,3,195.0,0,0,0,0,0,1
240,1065,1998-01-01,1998-01-01,Camping,P1,Full,20-30,3,341.25,1,1,1,0,0,1
241,1079,1998-01-01,1998-01-01,Camping,P1,Full,20-30,2,227.5,1,1,1,0,0,1
242,1096,1998-01-01,1998-01-03,Camping,VIP,Full,20-30,4,700.0,1,0,1,0,0,1
243,1148,1998-01-01,1998-01-15,Camping,P1,Full,20-30,2,227.5,1,0,0,0,1,1
244,1014,1998-01-01,1998-01-01,Camping,P1,Full,20-30,4,455.0,1,1,1,0,0,1
245,1005,1998-01-01,1998-01-01,Camping,P1,Installment,20-30,4,455.0,1,1,0,0,0,1
246,1035,1998-01-01,1998-01-01,Camping,P1,Installment,20-30,4,455.0,0,0,0,0,0,1
247,1105,1998-01-01,1998-01-06,Day,P1,Installment,20-30,4,260.0,1,1,1,0,0,1
248,1006,1998-01-01,1998-01-01,Day,P1,Full,20-30,4,260.0,0,0,0,0,0,1
249,1082,1998-01-01,1998-01-01,Camping,P1,Full,20-30,3,341.25,1,1,0,0,0,1
250,1199,1998-01-01,1998-03-02,Camping,P1,Full,20-30,5,568.75,0,0,0,0,0,1
251,1071,1998-01-01,1998-01-01,Camping,VIP,Installment,20-30,4,700.0,1,1,0,0,0,1
252,1023,1998-01-01,1998-01-01,Day,VIP,Full,20-30,4,400.0,1,1,1,0,0,1
253,1028,1998-01-01,1998-01-01,Camping,VIP,Installment,20-30,4,700.0,1,1,1,0,0,1
254,1144,1998-01-01,1998-01-11,Camping,VIP,Full,20-30,4,700.0,1,1,0,0,0,1
255,1217,1998-01-01,1998-01-01,Day,P1,Full,20-30,1,65.0,1,1,1,0,0,1
256,1218,1998-01-01,1998-09-08,Camping,P1,Installment,20-30,1,113.75,1,1,0,0,0,1
257,1219,1998-01-01,1998-08-09,Camping,P2,Full,20-30,1,78.75,1,1,1,0,0,1
258,1220,1998-01-01,1998-08-09,Day,P1,Installment,20-30,1,65.0,1,1,1,0,0,1
259,1221,1998-01-01,1998-08-09,Camping,P1,Full,20-30,1,113.75,1,1,0,0,0,1
260,1222,1998-01-01,1998-09-08,Camping,P2,Full,20-30,2,157.5,1,1,1,0,0,1
261,1223,1998-01-01,1998-08-09,Camping,P2,Full,20-30,1,78.75,1,1,0,0,0,1
262,1224,1998-01-01,1998-09-08,Day,P1,Installment,20-30,1,65.0,1,1,0,0,0,1
263,1225,1998-01-01,1998-01-01,Camping,P2,Full,20-30,1,78.75,1,1,0,0,0,1
264,1226,1998-01-01,1998-06-10,Day,P1,Installment,20-30,1,65.0,1,1,0,0,0,1
265,1227,1998-01-01,1998-01-01,Camping,P1,Installment,20-30,1,113.75,1,1,0,0,0,1
266,1228,1998-01-01,1998-02-13,Day,P1,Full,20-30,1,65.0,1,1,0,0,0,1
267,1229,1998-01-01,1998-05-31,Camping,P2,Full,20-30,5,393.75,1,1,1,1,0,1
268,1230,1998-01-01,1998-08-09,Camping,P2,Installment,20-30,2,157.5,1,1,1,0,0,1
269,1231,1998-01-01,1998-08-09,Camping,P1,Installment,20-30,1,113.75,1,1,0,0,0,1
270,1232,1998-01-01,1998-04-11,Camping,P1,Full,20-30,1,113.75,1,1,0,0,0,1
271,1233,1998-01-01,1998-01-01,Camping,P2,Full,20-30,2,157.5,1,1,1,0,0,1
272,1234,1998-01-01,1998-09-08,Day,P1,Installment,20-30,2,130.0,1,1,0,0,0,1
273,1235,1998-01-01,1998-01-01,Camping,P2,Installment,20-30,2,157.5,1,1,0,0,0,1
274,1236,1998-01-01,1998-09-08,Camping,P1,Full,20-30,1,113.75,0,0,0,0,0,1
275,1237,1998-01-01,1998-09-08,Day,P1,Full,20-30,1,65.0,0,0,0,0,0,1
276,1238,1998-01-01,1998-03-02,Camping,P2,Full,20-30,1,78.75,0,0,0,0,0,1
277,1239,1998-01-01,1998-03-20,Day,P1,Full,20-30,1,65.0,0,0,0,0,0,1
278,1240,1998-01-01,1998-01-01,Camping,P2,Installment,20-30,1,78.75,1,1,1,0,0,1
279,1241,1998-01-01,1998-09-08,Camping,P1,Full,20-30,1,113.75,1,1,1,0,0,1
280,1169,1998-01-01,1998-02-10,Camping,VIP,Full,30-40,4,700.0,1,0,1,0,0,1
281,1184,1998-01-01,1998-09-08,Day,P1,Full,30-40,5,325.0,1,1,0,0,0,1
282,1177,1998-01-01,1998-09-08,Day,P1,Installment,30-40,7,455.0,1,1,0,0,0,1
283,1018,1998-01-01,1998-01-01,Camping,VIP,Full,30-40,5,875.0,1,1,0,0,0,1
284,1091,1998-01-01,1998-01-02,Camping,VIP,Full,30-40,1,175.0,1,1,0,0,0,1
285,1024,1998-01-01,1998-01-01,Camping,VIP,Full,30-40,6,1050.0,1,1,1,0,1,1
286,1044,1998-01-01,1998-01-01,Camping,VIP,Full,30-40,7,1225.0,1,1,0,0,0,1
287,1094,1998-01-01,1998-01-02,Camping,VIP,Full,30-40,1,175.0,1,1,1,0,0,1
288,1100,1998-01-01,1998-01-04,Camping,P1,Full,30-40,3,341.25,1,1,0,0,0,1
289,1128,1998-01-01,1998-07-15,Day,P1,Full,30-40,2,130.0,1,1,0,0,0,1
290,1113,1998-01-01,1998-05-16,Camping,P1,Installment,30-40,1,113.75,1,1,1,0,0,1
291,1042,1998-01-01,1998-01-01,Camping,VIP,Full,30-40,2,350.0,1,1,1,0,0,1
292,1163,1998-01-01,1998-09-06,Day,P1,Full,30-40,4,260.0,1,1,0,0,0,1
293,1043,1998-01-01,1998-01-01,Day,VIP,Installment,30-40,1,100.0,1,1,1,0,0,1
294,1039,1998-01-01,1998-01-01,Camping,P1,Full,30-40,1,113.75,1,0,1,0,0,1
295,1059,1998-01-01,1998-01-01,Camping,P1,Full,30-40,1,113.75,1,1,0,0,0,1
296,1111,1998-01-01,1998-03-23,Day,P1,Full,30-40,1,65.0,1,1,1,0,0,1
297,1012,1998-01-01,1998-01-01,Camping,P2,Full,30-40,2,157.5,1,1,1,0,0,1
298,1093,1998-01-01,1998-01-02,Camping,VIP,Full,30-40,7,1225.0,0,0,0,0,0,1
299,1086,1998-01-01,1998-01-01,Camping,P1,Full,30-40,4,455.0,1,1,0,0,0,1
300,1165,1998-01-01,1998-09-07,Day,P1,Full,30-40,1,65.0,1,0,1,0,0,1
301,1242,1998-01-01,1998-03-07,Day,VIP,Full,30-40,1,100.0,0,0,0,0,0,1
302,1243,1998-01-01,1998-06-20,Camping,P2,Installment,30-40,7,551.25,0,0,0,0,0,1
303,1244,1998-01-01,1998-07-10,Camping,P2,Full,30-40,1,78.75,1,1,1,0,0,1
304,1245,1998-01-01,1998-06-10,Day,P1,Full,30-40,1,65.0,1,1,0,0,0,1
305,1246,1998-01-01,1998-04-01,Camping,P2,Full,30-40,1,78.75,1,1,0,0,0,1
306,1247,1998-01-01,1998-09-06,Day,P1,Full,30-40,1,65.0,1,1,0,0,0,1
307,1248,1998-01-01,1998-09-08,Day,P1,Full,30-40,1,65.0,0,0,0,0,0,1
308,1249,1998-01-01,1998-03-07,Day,P1,Full,30-40,1,65.0,1,1,0,0,0,1
309,1250,1998-01-01,1998-09-05,Day,P1,Installment,30-40,3,195.0,1,1,0,0,0,1
310,1251,1998-01-01,1998-01-01,Day,P1,Full,30-40,2,130.0,0,0,0,0,0,1
311,1252,1998-01-01,1998-01-11,Camping,P1,Full,30-40,1,113.75,1,0,1,0,0,1
312,1253,1998-01-01,1998-01-01,Day,P1,Full,30-40,1,65.0,1,1,0,0,0,1
313,1254,1998-01-01,1998-08-09,Camping,P2,Full,30-40,2,157.5,1,1,0,0,0,1
314,1255,1998-01-01,1998-08-09,Day,P1,Full,30-40,1,65.0,1,1,0,0,0,1
315,1256,1998-01-01,1998-06-10,Day,P1,Full,30-40,2,130.0,1,1,0,0,0,1
316,1257,1998-01-01,1998-02-14,Day,P1,Installment,30-40,2,130.0,1,1,1,0,0,1
317,1258,1998-01-01,1998-09-08,Camping,P1,Full,30-40,1,113.75,1,1,1,0,0,1
318,1259,1998-01-01,1998-01-01,Camping,P2,Installment,30-40,5,393.75,0,0,0,0,0,1
319,1260,1998-01-01,1998-06-20,Day,P1,Installment,30-40,2,130.0,1,1,0,0,0,1
320,1261,1998-01-01,1998-03-12,Day,P1,Installment,30-40,5,325.0,1,1,0,0,0,1
321,1262,1998-01-01,1998-09-08,Camping,P1,Full,30-40,2,227.5,1,0,1,0,1,1
322,1263,1998-01-01,1998-09-08,Day,P1,Installment,30-40,2,130.0,1,0,1,0,0,1
323,1264,1998-01-01,1998-09-08,Camping,P2,Full,30-40,1,78.75,1,1,0,0,0,1
324,1265,1998-01-01,1998-01-01,Day,VIP,Full,30-40,1,100.0,1,1,1,0,0,1
325,1266,1998-01-01,1998-09-08,Day,P1,Full,30-40,2,130.0,1,1,0,0,0,1
326,1267,1998-01-01,1998-06-20,Camping,P2,Full,30-40,2,157.5,0,0,0,0,0,1
327,1268,1998-01-01,1998-08-09,Day,P1,Full,30-40,1,65.0,1,1,0,0,0,1
328,1269,1998-01-01,1998-07-10,Camping,P2,Full,30-40,1,78.75,0,0,0,0,0,1
329,1270,1998-01-01,1998-09-08,Day,P1,Full,30-40,2,130.0,1,1,0,0,0,1
330,1271,1998-01-01,1998-07-10,Camping,P2,Full,30-40,1,78.75,1,1,1,1,0,1
331,1272,1998-01-01,1998-05-31,Day,P1,Full,30-40,1,65.0,1,0,1,0,1,1
332,1273,1998-01-01,1998-01-01,Day,P1,Full,30-40,1,65.0,1,1,0,0,0,1
333,1274,1998-01-01,1998-07-10,Camping,P1,Full,30-40,1,113.75,1,1,1,0,0,1
334,1275,1998-01-01,1998-06-20,Day,P1,Installment,30-40,5,325.0,1,1,1,0,0,1
335,1276,1998-01-01,1998-07-10,Camping,P1,Full,30-40,2,227.5,1,1,1,0,0,1
336,1277,1998-01-01,1998-09-08,Camping,P2,Full,30-40,1,78.75,1,1,0,0,0,1
337,1278,1998-01-01,1998-06-20,Day,P1,Full,30-40,1,65.0,1,1,1,0,0,1
338,1279,1998-01-01,1998-09-08,Day,P1,Full,30-40,2,130.0,1,1,1,0,0,1
339,1280,1998-01-01,1998-06-20,Camping,P2,Full,30-40,2,157.5,1,1,1,0,0,1
340,1281,1998-01-01,1998-01-01,Day,P1,Full,30-40,1,65.0,1,1,1,0,0,1
341,1282,1998-01-01,1998-08-09,Day,P1,Full,30-40,1,65.0,0,0,0,0,0,1
342,1283,1998-01-01,1998-07-10,Day,P1,Full,30-40,2,130.0,1,1,0,0,0,1
343,1284,1998-01-01,1998-09-08,Day,P1,Installment,30-40,2,130.0,1,1,0,0,0,1
344,1285,1998-01-01,1998-01-01,Day,P1,Full,30-40,1,65.0,1,1,1,0,0,1
345,1286,1998-01-01,1998-09-08,Camping,P2,Full,30-40,1,78.75,1,1,1,0,0,1
346,1287,1998-01-01,1998-08-09,Camping,P2,Full,30-40,2,157.5,1,1,1,1,0,1
347,1145,1998-01-01,1998-07-29,Camping,VIP,Full,40-50,4,700.0,1,1,0,0,0,1
348,1041,1998-01-01,1998-01-01,Camping,P2,Full,40-50,7,551.25,1,0,0,0,1,1
349,1097,1998-01-01,1998-01-03,Camping,VIP,Full,40-50,7,1225.0,1,1,0,0,0,1
350,1049,1998-01-01,1998-01-01,Camping,P1,Full,40-50,1,113.75,1,1,0,0,0,1
351,1288,1998-01-01,1998-07-10,Camping,P1,Full,40-50,1,113.75,1,1,1,1,1,1
352,1289,1998-01-01,1998-06-20,Day,P1,Full,40-50,1,65.0,1,1,0,0,0,1
353,1290,1998-01-01,1998-01-01,Day,VIP,Full,40-50,2,200.0,1,1,0,0,0,1
354,1291,1998-01-01,1998-01-01,Camping,P2,Full,40-50,1,78.75,1,1,0,0,0,1
355,1292,1998-01-01,1998-09-08,Day,P1,Full,40-50,1,65.0,1,1,1,0,0,1
356,1293,1998-01-01,1998-01-01,Day,P1,Installment,40-50,2,130.0,1,1,1,0,0,1
357,1294,1998-01-01,1998-07-10,Day,VIP,Installment,40-50,10,1000.0,1,1,1,0,0,1
358,1295,1998-01-01,1998-01-01,Day,VIP,Full,40-50,1,100.0,1,1,0,0,0,1
359,1296,1998-01-01,1998-09-08,Camping,P2,Installment,40-50,10,787.5,1,1,1,0,0,1
360,1297,1998-01-01,1998-08-07,Camping,P2,Full,40-50,1,78.75,1,1,1,0,0,1
361,1298,1998-01-01,1998-01-08,Day,P1,Installment,40-50,6,390.0,1,1,1,0,0,1
362,1299,1998-01-01,1998-01-02,Day,P1,Full,40-50,1,65.0,1,0,1,0,1,1
363,1300,1998-01-01,1998-09-08,Day,P1,Full,40-50,1,65.0,1,1,1,0,0,1
364,1301,1998-01-01,1998-05-21,Camping,P2,Full,40-50,1,78.75,1,1,1,0,0,1
365,1302,1998-01-01,1998-09-08,Camping,P2,Full,40-50,1,78.75,1,1,1,0,0,1
366,1303,1998-01-01,1998-08-09,Camping,P1,Full,40-50,2,227.5,1,1,0,0,0,1
367,1304,1998-01-01,1998-09-08,Camping,P2,Full,40-50,2,157.5,1,1,1,0,0,1
368,1305,1998-01-01,1998-01-04,Camping,P2,Full,40-50,1,78.75,1,1,0,0,0,1
369,1306,1998-01-01,1998-07-10,Camping,P2,Full,40-50,1,78.75,1,1,1,0,0,1
370,1307,1998-01-01,1998-08-09,Camping,P2,Installment,40-50,7,551.25,1,1,0,0,0,1
371,1308,1998-01-01,1998-07-10,Camping,P2,Full,40-50,1,78.75,1,1,1,0,0,1
372,1309,1998-01-01,1998-01-01,Camping,P2,Full,40-50,1,78.75,1,1,0,0,0,1
373,1310,1998-01-01,1998-08-09,Day,P1,Full,40-50,1,65.0,1,1,1,0,0,1
374,1311,1998-01-01,1998-08-09,Camping,P1,Full,40-50,1,113.75,1,1,1,0,0,1
375,1312,1998-01-01,1998-01-01,Day,VIP,Full,40-50,2,200.0,1,1,0,0,0,1
376,1313,1998-01-01,1998-06-20,Camping,P1,Full,40-50,1,113.75,1,1,1,0,0,1
377,1314,1998-01-01,1998-01-01,Day,VIP,Installment,50-60,2,200.0,1,1,1,0,0,1
378,1315,1998-01-01,1998-02-19,Camping,P2,Full,50-60,2,157.5,1,1,0,0,0,1
379,1316,1998-01-01,1998-06-20,Camping,P2,Full,50-60,5,393.75,1,1,1,0,0,1
380,1317,1998-01-01,1998-02-23,Day,P1,Full,50-60,1,65.0,0,0,0,0,0,1
381,1318,1998-01-01,1998-09-08,Camping,P2,Full,50-60,1,78.75,1,0,0,0,0,1
382,1319,1998-01-01,1998-09-08,Day,P1,Full,60-70,1,65.0,1,1,1,0,0,1
383,1017,1998-01-01,1998-01-01,Camping,P2,Full,unknown,7,551.25,1,1,0,0,0,1
384,1020,1998-01-01,1998-01-01,Camping,VIP,Full,unknown,6,1050.0,1,1,0,0,0,1
385,1021,1998-01-01,1998-01-01,Camping,VIP,Full,unknown,2,350.0,1,0,0,0,1,1
386,1025,1998-01-01,1998-01-01,Camping,VIP,Full,unknown,1,175.0,1,1,1,0,0,1
387,1060,1998-01-01,1998-01-01,Camping,P1,Full,unknown,1,113.75,1,1,0,0,0,1
388,1066,1998-01-01,1998-01-01,Camping,P1,Installment,unknown,2,227.5,1,1,0,0,0,1
389,1080,1998-01-01,1998-01-01,Camping,P1,Full,unknown,2,227.5,1,1,0,0,0,1
390,1084,1998-01-01,1998-01-01,Day,P1,Full,unknown,1,65.0,1,1,0,0,0,1
391,1320,1998-01-01,1998-06-20,Camping,P1,Full,unknown,1,113.75,1,1,1,0,0,1
392,1321,1998-01-01,1998-07-10,Day,P1,Full,unknown,1,65.0,1,1,1,0,0,1
393,1322,1998-01-01,1998-06-20,Camping,P2,Full,unknown,1,78.75,1,1,1,0,0,1
394,1323,1998-01-01,1998-01-01,Day,P1,Full,unknown,1,65.0,1,1,0,0,0,1
395,1324,1998-01-01,1998-01-01,Day,P1,Installment,unknown,2,130.0,1,1,1,0,0,1
396,1325,1998-01-01,1998-08-09,Day,P1,Full,unknown,1,65.0,1,1,1,0,0,1
397,1326,1998-01-01,1998-02-10,Day,P1,Full,unknown,1,65.0,1,1,0,0,0,1
398,1327,1998-01-01,1998-07-10,Camping,P2,Full,unknown,1,78.75,1,1,0,0,0,1
399,1328,1998-01-01,1998-07-10,Day,P1,Full,unknown,2,130.0,1,0,0,0,0,1
400,1329,1998-01-01,1998-03-21,Camping,P2,Installment,unknown,2,157.5,1,1,0,0,0,1
401,1038,1999-01-01,1999-01-01,Camping,P1,Installment,15-20,1,122.5,1,1,1,0,0,1
402,1001,1999-01-01,1999-01-01,Camping,P1,Full,15-20,5,612.5,1,1,1,0,0,1
403,1015,1999-01-01,1999-01-01,Camping,P1,Full,15-20,2,245.0,1,1,0,0,0,1
404,1010,1999-01-01,1999-01-01,Camping,P1,Full,15-20,2,245.0,1,0,1,0,0,1
405,1003,1999-01-01,1999-01-01,Camping,P1,Full,15-20,6,735.0,1,1,0,0,0,1
406,1033,1999-01-01,1999-01-01,Camping,P1,Full,15-20,1,122.5,1,1,1,0,0,1
407,1047,1999-01-01,1999-01-01,Camping,P1,Installment,15-20,3,367.5,1,0,1,0,1,1
408,1040,1999-01-01,1999-01-01,Camping,P1,Installment,15-20,2,245.0,1,1,1,0,0,1
409,1032,1999-01-01,1999-01-01,Camping,P1,Full,15-20,1,122.5,1,1,0,0,0,1
410,1022,1999-01-01,1999-01-01,Camping,P1,Full,15-20,1,122.5,1,1,1,0,0,1
411,1202,1999-01-01,1999-09-08,Camping,P1,Full,15-20,3,367.5,1,1,1,1,1,1
412,1209,1999-01-01,1999-09-08,Day,P1,Full,15-20,2,140.0,1,1,1,0,0,1
413,1204,1999-01-01,1999-07-10,Camping,P1,Full,15-20,2,245.0,1,1,1,0,0,1
414,1206,1999-01-01,1999-09-08,Camping,P1,Installment,15-20,7,857.5,1,1,1,0,0,1
415,1211,1999-01-01,1999-07-10,Camping,P1,Installment,15-20,1,122.5,1,1,1,0,0,1
416,1213,1999-01-01,1999-01-09,Camping,P1,Full,15-20,1,122.5,1,1,1,0,0,1
417,1212,1999-01-01,1999-06-20,Camping,P1,Installment,15-20,7,857.5,1,1,1,0,0,1
418,1210,1999-01-01,1999-01-01,Camping,P1,Installment,15-20,2,245.0,1,1,0,0,0,1
419,1331,1999-01-01,1999-01-01,Day,VIP,Full,20-30,2,220.0,1,1,0,0,0,1
420,1332,1999-01-01,1999-08-10,Day,P1,Installment,20-30,1,70.0,1,1,1,0,0,1
421,1333,1999-01-01,1999-01-01,Camping,P1,Installment,15-20,6,735.0,0,0,0,0,0,1
422,1334,1999-01-01,1999-01-01,Camping,P2,Installment,20-30,4,420.0,1,0,1,0,0,1
423,1335,1999-01-01,1999-01-01,Camping,P2,Full,20-30,1,105.0,1,1,0,0,0,1
424,1336,1999-01-01,1999-01-01,Day,P1,Installment,15-20,4,280.0,1,0,0,0,1,1
425,1337,1999-01-01,1999-01-02,Day,P1,Installment,20-30,1,70.0,1,1,0,0,0,1
426,1338,1999-01-01,1999-05-16,Camping,P2,Installment,20-30,1,105.0,1,1,1,0,0,1
427,1339,1999-01-01,1999-07-15,Camping,P1,Installment,15-20,2,245.0,1,1,0,0,0,1
428,1340,1999-01-01,1999-01-11,Camping,P2,Full,20-30,2,210.0,1,1,0,0,0,1
429,1341,1999-01-01,1999-02-10,Day,VIP,Full,20-30,7,770.0,0,0,0,0,0,1
430,1342,1999-01-01,1999-07-10,Day,P1,Installment,20-30,4,280.0,1,0,0,0,1,1
431,1343,1999-01-01,1999-01-09,Camping,P2,Installment,20-30,1,105.0,1,1,1,0,0,1
432,1344,1999-01-01,1999-08-09,Day,P1,Installment,15-20,4,280.0,0,0,0,0,0,1
433,1345,1999-01-01,1999-01-01,Day,P1,Installment,15-20,2,140.0,1,1,0,0,0,1
434,1346,1999-01-01,1999-07-10,Camping,P2,Installment,20-30,1,105.0,1,1,1,0,0,1
435,1347,1999-01-01,1999-08-09,Camping,P1,Installment,15-20,1,122.5,1,1,1,0,0,1
436,1348,1999-01-01,1999-09-08,Day,VIP,Full,20-30,3,330.0,1,1,0,0,0,1
437,1349,1999-01-01,1999-08-09,Camping,P1,Installment,15-20,4,490.0,0,0,0,0,0,1
438,1350,1999-01-01,1999-07-10,Day,P1,Full,15-20,4,280.0,1,0,0,0,1,1
439,1351,1999-01-01,1999-09-06,Day,VIP,Full,20-30,1,110.0,1,1,0,0,0,1
440,1352,1999-01-01,1999-01-01,Day,P1,Full,15-20,2,140.0,1,1,0,0,0,1
441,1353,1999-01-01,1999-09-08,Day,VIP,Full,20-30,3,330.0,1,0,1,0,0,1
442,1354,1999-01-01,1999-08-09,Day,P1,Installment,15-20,1,70.0,1,1,0,0,0,1
443,1355,1999-01-01,1999-08-09,Camping,P1,Installment,15-20,2,245.0,1,1,0,0,0,1
444,1356,1999-01-01,1999-08-09,Day,P1,Full,20-30,5,350.0,0,0,0,0,0,1
445,1357,1999-01-01,1999-09-08,Day,P1,Installment,20-30,1,70.0,1,1,1,0,0,1
446,1358,1999-01-01,1999-01-01,Day,P1,Installment,20-30,2,140.0,1,1,0,0,0,1
447,1359,1999-01-01,1999-06-10,Day,P1,Installment,20-30,1,70.0,1,1,0,0,0,1
448,1360,1999-01-01,1999-08-13,Day,P1,Installment,20-30,1,70.0,1,1,1,0,0,1
449,1361,1999-01-01,1999-02-13,Camping,P2,Installment,20-30,1,105.0,1,1,1,0,0,1
450,1362,1999-01-01,1999-08-09,Day,P1,Full,15-20,4,280.0,0,0,0,0,0,1
451,1363,1999-01-01,1999-08-09,Camping,P2,Full,20-30,2,210.0,1,1,0,0,0,1
452,1364,1999-01-01,1999-04-11,Camping,P2,Full,20-30,4,420.0,1,0,1,0,0,1
453,1365,1999-01-01,1999-01-01,Camping,P2,Installment,20-30,6,630.0,0,0,0,0,0,1
454,1366,1999-01-01,1999-09-08,Day,P1,Installment,20-30,1,70.0,1,1,1,0,0,1
455,1367,1999-01-01,1999-01-01,Camping,P2,Installment,20-30,1,105.0,1,1,0,0,0,1
456,1368,1999-01-01,1999-09-08,Day,P1,Installment,20-30,2,140.0,1,1,0,0,0,1
457,1369,1999-01-01,1999-09-08,Day,P1,Installment,15-20,1,70.0,1,1,0,0,0,1
458,1370,1999-01-01,1999-07-10,Day,VIP,Full,20-30,4,440.0,0,0,0,0,0,1
459,1371,1999-01-01,1999-03-20,Day,P1,Full,15-20,1,70.0,1,1,0,0,0,1
460,1372,1999-01-01,1999-09-08,Day,P1,Full,15-20,1,70.0,1,1,0,0,0,1
461,1105,1999-01-01,1999-01-06,Day,P1,Installment,20-30,2,140.0,1,1,1,0,0,1
462,1006,1999-01-01,1999-01-01,Camping,P1,Full,20-30,5,612.5,0,0,0,0,0,1
463,1106,1999-01-01,1999-01-21,Camping,P1,Full,20-30,2,245.0,1,1,1,0,0,1
464,1071,1999-01-01,1999-01-01,Camping,VIP,Installment,20-30,1,192.5,1,1,0,0,0,1
465,1005,1999-01-01,1999-01-01,Camping,P1,Installment,20-30,1,122.5,1,1,0,0,0,1
466,1035,1999-01-01,1999-01-01,Camping,P1,Installment,20-30,1,122.5,0,0,0,0,0,1
467,1075,1999-01-01,1999-01-01,Camping,VIP,Full,20-30,2,385.0,1,1,1,0,0,1
468,1057,1999-01-01,1999-01-01,Camping,P1,Full,20-30,1,122.5,1,1,0,0,0,1
469,1014,1999-01-01,1999-01-01,Camping,P1,Full,20-30,1,122.5,1,1,1,0,0,1
470,1028,1999-01-01,1999-01-01,Camping,VIP,Installment,20-30,1,192.5,1,1,1,0,0,1
471,1096,1999-01-01,1999-01-03,Camping,VIP,Full,20-30,1,192.5,1,0,1,0,0,1
472,1199,1999-01-01,1999-03-02,Camping,P1,Full,20-30,2,245.0,0,0,0,0,0,1
473,1088,1999-01-01,1999-01-01,Camping,VIP,Full,20-30,2,385.0,1,1,0,0,0,1
474,1004,1999-01-01,1999-01-01,Camping,P1,Full,20-30,1,122.5,1,1,0,0,0,1
475,1019,1999-01-01,1999-01-01,Camping,P1,Full,20-30,4,490.0,1,1,1,0,0,1
476,1053,1999-01-01,1999-01-01,Camping,P1,Installment,20-30,5,612.5,1,1,0,0,0,1
477,1026,1999-01-01,1999-01-01,Camping,P1,Full,20-30,1,122.5,1,1,0,0,0,1
478,1079,1999-01-01,1999-01-01,Camping,P1,Full,20-30,3,367.5,1,1,1,0,0,1
479,1082,1999-01-01,1999-01-01,Camping,P1,Full,20-30,1,122.5,1,1,0,0,0,1
480,1065,1999-01-01,1999-01-01,Camping,P1,Full,20-30,7,857.5,1,1,1,0,0,1
481,1148,1999-01-01,1999-01-15,Camping,P1,Full,20-30,5,612.5,1,0,0,0,1,1
482,1007,1999-01-01,1999-01-01,Camping,P1,Full,20-30,1,122.5,1,1,0,0,0,1
483,1229,1999-01-01,1999-05-31,Camping,P1,Full,20-30,2,245.0,1,1,1,1,0,1
484,1219,1999-01-01,1999-08-09,Camping,P1,Full,20-30,7,857.5,1,1,1,0,0,1
485,1222,1999-01-01,1999-09-08,Camping,P1,Full,20-30,1,122.5,1,1,1,0,0,1
486,1373,1999-01-01,1999-09-08,Day,P1,Full,20-30,1,70.0,1,1,0,0,0,1
487,1374,1999-01-01,1999-03-07,Camping,P1,Full,20-30,2,245.0,1,1,0,0,0,1
488,1375,1999-01-01,1999-06-20,Day,P1,Full,30-40,4,280.0,1,0,0,0,1,1
489,1376,1999-01-01,1999-07-10,Day,P1,Full,20-30,1,70.0,1,1,0,0,0,1
490,1377,1999-01-01,1999-06-10,Camping,P2,Full,30-40,2,210.0,1,1,0,0,0,1
491,1378,1999-01-01,1999-04-01,Day,P1,Full,20-30,2,140.0,1,1,0,0,0,1
492,1379,1999-01-01,1999-09-06,Day,P1,Full,20-30,5,350.0,0,0,0,0,0,1
493,1380,1999-01-01,1999-09-08,Day,P1,Full,20-30,1,70.0,1,1,0,0,0,1
494,1042,1999-01-01,1999-01-01,Camping,VIP,Full,30-40,1,192.5,1,1,1,0,0,1
495,1093,1999-01-01,1999-01-02,Camping,VIP,Full,30-40,2,385.0,0,0,0,0,0,1
496,1059,1999-01-01,1999-01-01,Camping,P1,Full,30-40,4,490.0,1,1,0,0,0,1
497,1044,1999-01-01,1999-01-01,Camping,VIP,Installment,30-40,1,192.5,1,1,0,0,0,1
498,1024,1999-01-01,1999-01-01,Camping,VIP,Full,30-40,3,577.5,1,1,1,0,1,1
499,1043,1999-01-01,1999-01-01,Camping,VIP,Full,30-40,4,770.0,1,1,1,0,0,1
500,1163,1999-01-01,1999-09-06,Camping,P1,Full,30-40,1,122.5,1,1,0,0,0,1
501,1111,1999-01-01,1999-03-23,Camping,P1,Full,30-40,1,122.5,1,1,1,0,0,1
502,1100,1999-01-01,1999-01-04,Camping,P1,Full,30-40,1,122.5,1,1,0,0,0,1
503,1165,1999-01-01,1999-09-07,Camping,P1,Full,30-40,2,245.0,1,0,1,0,0,1
504,1039,1999-01-01,1999-01-01,Camping,P1,Full,30-40,2,245.0,1,0,1,0,0,1
505,1094,1999-01-01,1999-01-02,Camping,VIP,Full,30-40,2,385.0,1,1,1,0,0,1
506,1184,1999-01-01,1999-09-08,Day,P1,Full,30-40,1,70.0,1,1,0,0,0,1
507,1086,1999-01-01,1999-01-01,Camping,P1,Full,30-40,2,245.0,1,1,0,0,0,1
508,1018,1999-01-01,1999-01-01,Camping,VIP,Full,30-40,1,192.5,1,1,0,0,0,1
509,1012,1999-01-01,1999-01-01,Camping,P1,Full,30-40,1,122.5,1,1,1,0,0,1
510,1177,1999-01-01,1999-09-08,Day,P1,Installment,30-40,2,140.0,1,1,0,0,0,1
511,1285,1999-01-01,1999-01-01,Camping,P1,Full,30-40,1,122.5,1,1,1,0,0,1
512,1281,1999-01-01,1999-01-01,Camping,P1,Installment,30-40,1,122.5,1,1,1,0,0,1
513,1381,1999-01-01,1999-06-20,Day,P1,Full,30-40,1,70.0,1,1,0,0,0,1
514,1382,1999-01-01,1999-09-05,Day,P1,Installment,30-40,1,70.0,1,1,1,0,0,1
515,1383,1999-01-01,1999-01-01,Camping,P2,Full,30-40,1,105.0,1,1,0,0,0,1
516,1097,1999-01-01,1999-01-03,Camping,VIP,Full,40-50,4,770.0,1,1,0,0,0,1
517,1145,1999-01-01,1999-07-29,Camping,VIP,Full,40-50,1,192.5,1,1,0,0,0,1
518,1288,1999-01-01,1999-07-10,Camping,P1,Full,40-50,2,245.0,1,1,1,1,1,1
519,1310,1999-01-01,1999-08-09,Day,P1,Full,40-50,2,140.0,1,1,1,0,0,1
520,1308,1999-01-01,1999-07-10,Camping,VIP,Full,40-50,3,577.5,1,1,1,0,0,1
521,1294,1999-01-01,1999-07-10,Camping,VIP,Installment,40-50,1,192.5,1,1,1,0,0,1
522,1306,1999-01-01,1999-07-10,Camping,VIP,Full,40-50,1,192.5,1,1,1,0,0,1
523,1298,1999-01-01,1999-01-08,Day,P1,Installment,40-50,2,140.0,1,1,1,0,0,1
524,1293,1999-01-01,1999-01-01,Camping,P1,Full,40-50,4,490.0,1,1,1,0,0,1
525,1300,1999-01-01,1999-09-08,Camping,P2,Full,40-50,1,105.0,1,1,1,0,0,1
526,1304,1999-01-01,1999-09-08,Camping,VIP,Full,40-50,4,770.0,1,1,1,0,0,1
527,1302,1999-01-01,1999-09-08,Camping,P2,Full,40-50,2,210.0,1,1,1,0,0,1
528,1313,1999-01-01,1999-06-20,Camping,P1,Full,40-50,1,122.5,1,1,1,0,0,1
529,1292,1999-01-01,1999-09-08,Camping,P1,Full,40-50,1,122.5,1,1,1,0,0,1
530,1311,1999-01-01,1999-08-09,Camping,P1,Full,40-50,1,122.5,1,1,1,0,0,1
531,1296,1999-01-01,1999-09-08,Camping,P2,Installment,40-50,1,105.0,1,1,1,0,0,1
532,1301,1999-01-01,1999-05-21,Camping,P2,Full,40-50,1,105.0,1,1,1,0,0,1
533,1297,1999-01-01,1999-08-07,Camping,P2,Full,40-50,6,630.0,1,1,1,0,0,1
534,1307,1999-01-01,1999-08-09,Camping,VIP,Installment,40-50,2,385.0,1,1,0,0,0,1
535,1312,1999-01-01,1999-01-01,Day,P1,Full,40-50,10,700.0,1,1,0,0,0,1
536,1384,1999-01-01,1999-01-11,Camping,P2,Full,30-40,2,210.0,1,1,0,0,0,1
537,1385,1999-01-01,1999-01-01,Day,VIP,Installment,30-40,1,110.0,1,1,0,0,0,1
538,1386,1999-01-01,1999-08-09,Camping,P2,Installment,30-40,1,105.0,1,1,1,0,0,1
539,1387,1999-01-01,1999-08-09,Camping,P2,Installment,30-40,1,105.0,1,1,1,0,0,1
540,1388,1999-01-01,1999-06-10,Camping,P2,Full,30-40,1,105.0,1,1,1,0,0,1
541,1389,1999-01-01,1999-02-14,Camping,P2,Installment,30-40,3,315.0,1,1,0,0,0,1
542,1390,1999-01-01,1999-09-08,Day,P1,Full,30-40,1,70.0,1,1,1,0,0,1
543,1391,1999-01-01,1999-01-01,Camping,P2,Full,30-40,1,105.0,1,1,1,1,1,1
544,1392,1999-01-01,1999-06-20,Camping,P2,Full,30-40,1,105.0,1,1,1,0,0,1
545,1393,1999-01-01,1999-03-12,Camping,P2,Full,30-40,1,105.0,1,1,1,0,0,1
546,1394,1999-01-01,1999-09-08,Day,P1,Full,30-40,1,70.0,1,1,1,0,0,1
547,1395,1999-01-01,1999-09-08,Day,P1,Full,30-40,1,70.0,1,1,0,0,0,1
548,1396,1999-01-01,1999-09-08,Day,P1,Full,30-40,1,70.0,1,1,1,0,0,1
549,1397,1999-01-01,1999-01-01,Camping,P2,Full,30-40,3,315.0,1,1,0,0,0,1
550,1398,1999-01-01,1999-09-08,Day,P1,Full,30-40,2,140.0,1,1,0,0,0,1
551,1399,1999-01-01,1999-06-20,Camping,P2,Full,30-40,1,105.0,1,1,1,0,0,1
552,1400,1999-01-01,1999-08-09,Camping,P2,Full,30-40,2,210.0,1,1,0,0,0,1
553,1401,1999-01-01,1999-07-10,Camping,P2,Full,30-40,7,735.0,0,0,0,0,0,1
554,1402,1999-01-01,1999-09-08,Day,VIP,Full,30-40,2,220.0,1,1,0,0,0,1
555,1403,1999-01-01,1999-07-10,Camping,VIP,Full,30-40,2,385.0,1,1,0,0,0,1
556,1404,1999-01-01,1999-05-31,Camping,P2,Full,30-40,4,420.0,1,0,0,0,1,1
557,1405,1999-01-01,1999-09-07,Day,P1,Full,30-40,1,70.0,1,1,1,0,0,1
558,1406,1999-01-01,1999-07-10,Day,P1,Full,30-40,3,210.0,1,1,0,0,0,1
559,1407,1999-01-01,1999-06-20,Day,P1,Installment,30-40,1,70.0,1,1,0,0,0,1
560,1408,1999-01-01,1999-07-10,Day,P1,Full,30-40,3,210.0,1,1,0,0,0,1
561,1409,1999-01-01,1999-09-08,Day,P1,Full,30-40,3,210.0,1,0,1,0,0,1
562,1410,1999-01-01,1999-06-20,Day,P1,Full,30-40,5,350.0,0,0,0,0,0,1
563,1411,1999-01-01,1999-09-08,Day,P1,Full,30-40,1,70.0,1,1,1,0,0,1
564,1412,1999-01-01,1999-06-20,Day,P1,Full,30-40,2,140.0,1,1,0,0,0,1
565,1413,1999-01-01,1999-08-09,Camping,P1,Full,30-40,2,245.0,1,1,0,0,0,1
566,1414,1999-01-01,1999-07-10,Day,P1,Full,30-40,1,70.0,1,1,0,0,0,1
567,1314,1999-01-01,1999-01-01,Day,P1,Full,50-60,6,420.0,1,1,1,0,0,1
568,1415,1999-01-01,1999-09-08,Day,P1,Installment,30-40,1,70.0,1,1,1,0,0,1
569,1416,1999-01-01,1999-09-08,Day,P1,Installment,30-40,1,70.0,1,1,1,0,0,1
570,1417,1999-01-01,1999-08-09,Camping,P1,Full,30-40,1,122.5,1,1,1,0,0,1
571,1418,1999-01-01,1999-06-20,Camping,P2,Installment,30-40,4,420.0,0,0,0,0,0,1
572,1419,1999-01-01,1999-01-01,Camping,P2,Full,40-50,1,105.0,1,1,1,1,1,1
573,1420,1999-01-01,1999-01-01,Camping,P2,Full,30-40,3,315.0,1,1,0,0,0,1
574,1421,1999-01-01,1999-09-07,Day,P1,Installment,30-40,1,70.0,1,1,0,0,0,1
575,1422,1999-01-01,1999-01-02,Day,P1,Full,30-40,7,490.0,0,0,0,0,0,1
576,1423,1999-01-01,1999-08-09,Day,P1,Full,30-40,1,70.0,1,1,0,0,0,1
577,1424,1999-01-01,1999-06-20,Day,P1,Full,30-40,1,70.0,1,1,0,0,0,1
578,1425,1999-01-01,1999-08-09,Day,VIP,Full,40-50,1,110.0,1,1,0,0,0,1
579,1426,1999-01-01,1999-02-19,Camping,P1,Full,40-50,4,490.0,1,0,1,0,0,1
580,1066,1999-01-01,1999-01-01,Camping,P1,Full,unknown,1,122.5,1,1,0,0,0,1
581,1060,1999-01-01,1999-01-01,Camping,P1,Full,unknown,1,122.5,1,1,0,0,0,1
582,1020,1999-01-01,1999-01-01,Camping,VIP,Full,unknown,1,192.5,1,1,0,0,0,1
583,1017,1999-01-01,1999-01-01,Camping,P1,Full,unknown,1,122.5,1,1,0,0,0,1
584,1021,1999-01-01,1999-01-01,Camping,VIP,Full,unknown,1,192.5,1,0,0,0,1,1
585,1084,1999-01-01,1999-01-01,Day,P1,Full,unknown,2,140.0,1,1,0,0,0,1
586,1025,1999-01-01,1999-01-01,Camping,VIP,Full,unknown,1,192.5,1,1,1,0,0,1
587,1322,1999-01-01,1999-06-20,Camping,VIP,Full,unknown,4,770.0,1,1,1,0,0,1
588,1324,1999-01-01,1999-01-01,Day,P1,Full,unknown,1,70.0,1,1,1,0,0,1
589,1323,1999-01-01,1999-01-01,Day,P1,Full,unknown,2,140.0,1,1,0,0,0,1
590,1326,1999-01-01,1999-02-10,Day,P1,Full,unknown,1,70.0,1,1,0,0,0,1
591,1329,1999-01-01,1999-03-21,Camping,VIP,Full,unknown,1,192.5,1,1,0,0,0,1
592,1327,1999-01-01,1999-07-10,Camping,VIP,Full,unknown,2,385.0,1,1,0,0,0,1
593,1427,1999-01-01,1999-06-20,Camping,P1,Full,50-60,6,735.0,0,0,0,0,0,1
594,1428,1999-01-01,1999-02-23,Camping,P1,Full,50-60,1,122.5,1,1,1,0,0,1
595,1429,1999-01-01,1999-09-08,Day,P1,Installment,unknown,1,70.0,1,1,1,0,0,1
596,1430,1999-01-01,1999-09-08,Day,P1,Full,70+,1,70.0,1,1,0,0,0,1
597,1431,1999-01-01,1999-06-20,Day,VIP,Installment,unknown,1,110.0,1,1,0,0,0,1
598,1432,1999-01-01,1999-07-10,Day,VIP,Installment,unknown,2,220.0,1,1,0,0,0,1
599,1433,1999-01-01,1999-08-09,Camping,P2,Full,70+,3,315.0,1,0,1,0,0,1
600,1434,1999-01-01,1999-07-10,Day,P1,Full,60-70,5,350.0,0,0,0,0,0,1
